DataDiscriminator,Asset Category,Currency,Symbol,Date/Time,Quantity,T. Price,C. Price,Proceeds,Comm/Fee,Basis,Realized P/L,MTM P/L,Code,,FY_Source,clean_Realized P/L,clean_Asset Category,Qty_v,Prc_v,Date_v
Order,Stocks,USD,NVDA,"2024-05-22, 23:30:05",0.066,954.38,949.5,-62.98908,0,62.98908,0,-0.3221,FP;O;P,,FY24,0,Stocks,0.66,95.438,2024-05-22
Order,Stocks,USD,SMCI,"2024-06-12, 23:30:05",0.1271,786.2,774.74,-99.92602,-0.9992602,100.9252802,0,-1.4566,FP;O,,FY24,0,Stocks,1.271,78.62,2024-06-12
Order,Stocks,USD,SMCI,"2024-06-25, 5:53:14",0.121,825.97,826.98,-99.94237,-0.9994237,100.9417937,0,0.1222,FP;O,,FY24,0,Stocks,1.21,82.59700000000001,2024-06-25
Order,Forex,USD,AUD.USD,"2024-05-22, 21:48:32",-97,0.6649,,64.4953,-3.0214,,,0.43305,,,FY24,,Forex,-97.0,0.6649,2024-05-22
Order,Forex,USD,AUD.USD,"2024-05-24, 12:25:44",1,0.6597,,-0.6597,0,,,0.004777,L,,FY24,,Forex,1.0,0.6597,2024-05-24
Order,Forex,USD,AUD.USD,"2024-05-28, 8:10:36",0.3255,0.66545,,-0.216603975,0,,,-0.000229,,,FY24,,Forex,0.3255,0.66545,2024-05-28
Order,Forex,USD,AUD.USD,"2024-06-12, 23:31:10",-151,0.66843,,100.93293,0,,,0.470048,L,,FY24,,Forex,-151.0,0.66843,2024-06-12
Order,Forex,USD,AUD.USD,"2024-06-19, 5:47:01",-397,0.66525,,264.10425,-3.0244,,,-0.209775,,,FY24,,Forex,-397.0,0.66525,2024-06-19
Order,Stocks,USD,AMD,"2025-06-05, 5:09:36",1,118.7,118.58,-118.7,-1.000035,119.700035,0,-0.12,O,,FY25,0,Stocks,1.0,118.7,2025-06-05
Order,Stocks,USD,AMD,"2025-06-14, 5:41:08",1,116.244,116.16,-116.244,-1.000046,117.244046,0,-0.084,O,,FY25,0,Stocks,1.0,116.244,2025-06-14
Order,Stocks,USD,AMZN,"2024-07-19, 5:56:31",0.5439,183.85,183.75,-99.996015,-0.99996015,100.99597515,0,-0.0544,O;RP,,FY25,0,Stocks,0.5439,183.85,2024-07-19
Order,Stocks,USD,AMZN,"2024-07-25, 5:56:43",0.553,180.8,180.83,-99.9824,-0.999824,100.982224,0,0.0166,O;RP,,FY25,0,Stocks,0.553,180.8,2024-07-25
Order,Stocks,USD,AMZN,"2024-08-03, 4:38:30",0.5961,167.73,167.9,-99.983853,-0.99983853,100.98369153,0,0.1013,FP;O,,FY25,0,Stocks,0.5961,167.73,2024-08-03
Order,Stocks,USD,AMZN,"2024-10-24, 6:09:16",1.0829,184.68,184.71,-199.989972,-1.000077969,200.990049969,0,0.0325,FPA;O;P,,FY25,0,Stocks,1.0829,184.68,2024-10-24
Order,Stocks,USD,AMZN,"2024-11-01, 8:22:58",1,194,186.4,-194,-1.000048,195.000048,0,-7.6,O,,FY25,0,Stocks,1.0,194.0,2024-11-01
Order,Stocks,USD,AMZN,"2025-04-01, 5:31:26",0.2241,189.83,190.26,-42.540903,-0.425419339,42.966322339,0,0.0964,FP;O,,FY25,0,Stocks,0.2241,189.83,2025-04-01
Order,Stocks,USD,AMZN,"2025-04-01, 6:12:42",1,190.05,190.26,-190.05,-1.000046,191.050046,0,0.21,O,,FY25,0,Stocks,1.0,190.05,2025-04-01
Order,Stocks,USD,CNYA,"2024-10-08, 12:33:54",1,38,32.3,-38,-0.380072,38.380072,0,-5.7,O,,FY25,0,Stocks,1.0,38.0,2024-10-08
Order,Stocks,USD,CNYA,"2024-10-11, 5:38:36",2,30.405,30.35,-60.81,-0.608244,61.418244,0,-0.11,O,,FY25,0,Stocks,2.0,30.405,2024-10-11
Order,Stocks,USD,CNYA,"2024-12-07, 5:45:20",-3,29.142,29.14,87.426,-0.877404443,-99.798316,-13.24972,0.006,C,,FY25,-13.24972,Stocks,-3.0,29.142,2024-12-07
Order,Stocks,USD,FXI,"2025-03-21, 7:27:52",5,37.29,37.23,-186.45,-1.000175,187.450175,0,-0.3,O,,FY25,0,Stocks,5.0,37.29,2025-03-21
Order,Stocks,USD,FXI,"2025-03-25, 11:13:59",2,36.65,36.3,-73.3,-0.733092,74.033092,0,-0.7,O,,FY25,0,Stocks,2.0,36.65,2025-03-25
Order,Stocks,USD,FXI,"2025-04-01, 6:17:55",3,35.845,35.84,-107.535,-1.000138,108.535138,0,-0.015,O,,FY25,0,Stocks,3.0,35.845,2025-04-01
Order,Stocks,USD,FXI,"2025-06-10, 21:02:49",-10,37.03,37.22,370.3,-1.00212,-370.018405,-0.720525,-1.9,C,,FY25,-0.720525,Stocks,-10.0,37.03,2025-06-10
Order,Stocks,USD,GOOGL,"2024-08-03, 4:39:56",0.598,165.54,166.66,-98.99292,-0.9899292,99.9828492,0,0.6698,FP;O,,FY25,0,Stocks,0.598,165.54,2024-08-03
Order,Stocks,USD,GOOGL,"2024-09-13, 0:20:33",0.6516,153.4476,154.69,-99.98645616,-0.999898445,100.986354605,0,0.8095,O;RP,,FY25,0,Stocks,0.6516,153.4476,2024-09-13
Order,Stocks,USD,GOOGL,"2024-09-26, 23:30:00",1.4233,163.699481487,162.73,-232.993472,-1.000074012,233.993546012,0,-1.3799,FPA;O;P,,FY25,0,Stocks,1.4233,163.699481487,2024-09-26
Order,Stocks,USD,GOOGL,"2024-12-18, 1:34:34",0.0022,197.65,195.42,-0.43483,-0.000434988,0.435264988,0,-0.0049,O;R,,FY25,0,Stocks,0.0022,197.65,2024-12-18
Order,Stocks,USD,GOOGL,"2025-03-19, 0:30:00",0.0028,163.6,160.67,-0.45808,-0.000458209,0.458538209,0,-0.0082,O;R,,FY25,0,Stocks,0.0028,163.6,2025-03-19
Order,Stocks,USD,GOOGL,"2025-04-01, 0:30:43",1.3221,153,154.64,-202.2813,-1.000049817,203.281349817,0,2.1682,FPA;O;P,,FY25,0,Stocks,1.3221,153.0,2025-04-01
Order,Stocks,USD,GOOGL,"2025-04-24, 9:45:58",2,155.8,155.35,-311.6,-1.00007,312.60007,0,-0.9,O,,FY25,0,Stocks,2.0,155.8,2025-04-24
Order,Stocks,USD,GOOGL,"2025-06-17, 23:30:00",0.006,175.64,175.95,-1.05384,-0.001054116,1.054894116,0,0.0019,O;R,,FY25,0,Stocks,0.006,175.64,2025-06-17
Order,Stocks,USD,GOOGL,"2025-06-25, 5:55:00",2,166.7,166.77,-333.4,-1.00007,334.40007,0,0.14,O,,FY25,0,Stocks,2.0,166.7,2025-06-25
Order,Stocks,USD,META,"2024-07-25, 5:46:23",0.2151,464.815,461.27,-99.9817065,-0.999817065,100.981523565,0,-0.7625,O;RP,,FY25,0,Stocks,0.2151,464.815,2024-07-25
Order,Stocks,USD,META,"2024-07-26, 5:58:35",0.2201,454.19,453.41,-99.967219,-0.99967219,100.96689119,0,-0.1717,FP;O,,FY25,0,Stocks,0.2201,454.19,2024-07-26
Order,Stocks,USD,META,"2024-09-13, 23:32:29",0.1922,520.22,524.62,-99.986284,-0.999872834,100.986156834,0,0.8457,FP;O,,FY25,0,Stocks,0.1922,520.22,2024-09-13
Order,Stocks,USD,META,"2024-10-24, 6:09:54",0.3548,563.62,563.69,-199.972376,-1.000025546,200.972401546,0,0.0248,FP;O,,FY25,0,Stocks,0.3548,563.62,2024-10-24
Order,Stocks,USD,META,"2024-12-10, 7:25:22",0.1637,610.66,613.57,-99.965042,-0.999662206,100.964704206,0,0.4764,FP;O,,FY25,0,Stocks,0.1637,610.66,2024-12-10
Order,Stocks,USD,META,"2024-12-31, 1:34:38",0.0008,589.41,591.24,-0.471528,-0.000471586,0.471999586,0,0.0015,O;R,,FY25,0,Stocks,0.0008,589.41,2024-12-31
Order,Stocks,USD,META,"2025-03-28, 0:30:00",0.0008,601.25,602.58,-0.481,-0.000481037,0.481481037,0,0.0011,O;R,,FY25,0,Stocks,0.0008,601.25,2025-03-28
Order,Stocks,USD,META,"2025-04-07, 23:30:16",0.8525,485,516.25,-413.4625,-1.000039215,414.462539215,0,26.6406,FP;O,,FY25,0,Stocks,0.8525,485.0,2025-04-07
Order,Stocks,USD,META,"2025-06-27, 23:31:09",0.0012,730.84,733.63,-0.877008,-0.000877063,0.877885063,0,0.0033,O;R,,FY25,0,Stocks,0.0012,730.84,2025-06-27
Order,Stocks,USD,MSFT,"2024-09-23, 23:30:03",0.4606,434.149667825,433.51,-199.969337,-1.000023952,200.969360952,0,-0.2946,FP;O;P,,FY25,0,Stocks,0.4606,434.149667825,2024-09-23
Order,Stocks,USD,MSFT,"2024-09-24, 23:30:02",0.2307,433.34,429.17,-99.971538,-0.999727376,100.971265376,0,-0.962,FP;O,,FY25,0,Stocks,0.2307,433.34,2024-09-24
Order,Stocks,USD,MSFT,"2024-12-14, 1:31:11",0.001,449.75,447.27,-0.44975,-0.000449822,0.450199822,0,-0.0025,O;R,,FY25,0,Stocks,0.001,449.75,2024-12-14
Order,Stocks,USD,MSFT,"2025-03-15, 0:31:10",0.0012,381.6,388.56,-0.45792,-0.000457975,0.458377975,0,0.0084,O;R,,FY25,0,Stocks,0.0012,381.6,2025-03-15
Order,Stocks,USD,MSFT,"2025-04-01, 5:32:39",0.3065,372.84,375.39,-114.27546,-1.000014099,115.275474099,0,0.7816,FP;O,,FY25,0,Stocks,0.3065,372.84,2025-04-01
Order,Stocks,USD,MSFT,"2025-06-16, 23:31:43",0.0014,477.94,479.14,-0.669116,-0.00066918,0.66978518,0,0.0017,O;R,,FY25,0,Stocks,0.0014,477.94,2025-06-16
Order,Stocks,USD,NVDA,"2024-07-02, 7:48:29",1,124.2,124.3,-124.2,-1,125.2,0,0.1,O,,FY25,0,Stocks,1.0,124.2,2024-07-02
Order,Stocks,USD,NVDA,"2024-08-03, 4:37:42",0.9449,105.83,107.27,-99.998767,-0.99998767,100.99875467,0,1.3607,O;RP,,FY25,0,Stocks,0.9449,105.83,2024-08-03
Order,Stocks,USD,NVDA,"2024-10-04, 23:31:03",0.0002,124.77,124.92,-0.024954,-2.4968e-05,0.024978968,0,0,O;R,,FY25,0,Stocks,0.0002,124.77,2024-10-04
Order,Stocks,USD,NVDA,"2024-10-26, 0:30:00",1.4191,140.931628497,141.54,-199.996074,-1.000078175,200.996152175,0,0.8633,FPA;O;P;RPA,,FY25,0,Stocks,1.4191,140.931628497,2024-10-26
Order,Stocks,USD,NVDA,"2024-11-18, 20:57:50",1,138.48,140.15,-138.48,-1.000048,139.480048,0,1.67,O,,FY25,0,Stocks,1.0,138.48,2024-11-18
Order,Stocks,USD,NVDA,"2024-12-10, 7:26:58",0.5273,138.44,138.81,-72.999412,-0.730032086,73.729444086,0,0.1951,FP;O,,FY25,0,Stocks,0.5273,138.44,2024-12-10
Order,Stocks,USD,NVDA,"2024-12-31, 1:30:01",0.0002,134.85,137.49,-0.02697,-2.6984e-05,0.026996984,0,0.0005,O;R,,FY25,0,Stocks,0.0002,134.85,2024-12-31
Order,Stocks,USD,NVDA,"2025-01-14, 6:22:31",2,131.8589,133.23,-263.7178,-1.000092,264.717892,0,2.7422,IM;O;P,,FY25,0,Stocks,2.0,131.8589,2025-01-14
Order,Stocks,USD,NVDA,"2025-02-04, 22:37:52",2,117.43,118.65,-234.86,-1.00007,235.86007,0,2.44,O,,FY25,0,Stocks,2.0,117.43,2025-02-04
Order,Stocks,USD,NVDA,"2025-04-01, 6:11:06",0.4483,107.51,108.38,-48.196733,-0.481987952,48.678720952,0,0.39,O;RP,,FY25,0,Stocks,0.4483,107.51,2025-04-01
Order,Stocks,USD,NVDA,"2025-04-04, 0:33:29",0.0007,105.04,101.8,-0.073528,-7.356e-05,0.07360156,0,-0.0023,O;R,,FY25,0,Stocks,0.0007,105.04,2025-04-04
Order,Stocks,USD,NVDA,"2025-04-04, 5:38:38",-0.0007,103.03,101.8,0.072121,-0.010002153,-0.067475,-0.005356,0.0009,C;FP,,FY25,-0.005356,Stocks,-0.0007,103.03,2025-04-04
Order,Stocks,USD,OSCR,"2025-06-30, 19:09:17",1,20.88,21.44,-20.88,-0.211835,21.091835,0,0.56,O,,FY25,0,Stocks,1.0,20.88,2025-06-30
Order,Stocks,USD,PLTR,"2024-10-08, 6:54:27",1,39.0395,38.89,-39.0395,-0.390467,39.429967,0,-0.1495,IA;O,,FY25,0,Stocks,1.0,39.0395,2024-10-08
Order,Stocks,USD,PLTR,"2024-10-17, 19:33:15",-1,42.1,42,42.1,-0.42238438,-39.429967,2.247649,0.1,C,,FY25,2.247649,Stocks,-1.0,42.1,2024-10-17
Order,Stocks,USD,PLTR,"2024-12-04, 10:36:37",1,71.35,70.96,-71.35,-0.716548,72.066548,0,-0.39,O,,FY25,0,Stocks,1.0,71.35,2024-12-04
Order,Stocks,USD,PLTR,"2024-12-10, 7:24:32",1,71.975,72.46,-71.975,-0.720798,72.695798,0,0.485,O,,FY25,0,Stocks,1.0,71.975,2024-12-10
Order,Stocks,USD,PLTR,"2025-03-22, 6:49:24",2,89.86,90.96,-179.72,-1.00007,180.72007,0,2.2,O,,FY25,0,Stocks,2.0,89.86,2025-03-22
Order,Stocks,USD,PLTR,"2025-03-29, 7:36:41",1,85.39,85.85,-85.39,-0.853935,86.243935,0,0.46,O,,FY25,0,Stocks,1.0,85.39,2025-03-29
Order,Stocks,USD,PLTR,"2025-03-29, 8:06:38",1,84.93,85.85,-84.93,-0.849335,85.779335,0,0.92,O,,FY25,0,Stocks,1.0,84.93,2025-03-29
Order,Stocks,USD,PLTR,"2025-04-01, 6:11:55",1,84.265,84.4,-84.265,-0.842696,85.107696,0,0.135,O,,FY25,0,Stocks,1.0,84.265,2025-04-01
Order,Stocks,USD,PLTR,"2025-05-06, 6:21:30",3,119,123.77,-357,-1.000105,358.000105,0,14.31,O,,FY25,0,Stocks,3.0,119.0,2025-05-06
Order,Stocks,USD,PLTR,"2025-05-06, 6:28:38",1,116,123.77,-116,-1.000035,117.000035,0,7.77,O,,FY25,0,Stocks,1.0,116.0,2025-05-06
Order,Stocks,USD,SHOP,"2024-10-14, 16:38:50",1,83.07,83.68,-83.07,-0.830772,83.900772,0,0.61,O,,FY25,0,Stocks,1.0,83.07,2024-10-14
Order,Stocks,USD,SHOP,"2025-04-07, 18:13:52",1,69.25,78.82,-69.25,-0.695535,69.945535,0,9.57,O,,FY25,0,Stocks,1.0,69.25,2025-04-07
Order,Stocks,USD,SHOP,"2025-06-14, 6:00:18",1,105.34,105.34,-105.34,-1.000046,106.340046,0,0,O,,FY25,0,Stocks,1.0,105.34,2025-06-14
Order,Stocks,USD,SMCI,"2025-04-04, 5:37:02",0.519,31.9,32.32,-16.5561,-0.165584874,16.721684874,0,0.218,FP;O,,FY25,0,Stocks,0.519,31.9,2025-04-04
Order,Stocks,USD,TSLA,"2024-10-14, 20:35:30",1,221.95,219.16,-221.95,-1.000048,222.950048,0,-2.79,O,,FY25,0,Stocks,1.0,221.95,2024-10-14
Order,Stocks,USD,TSLA,"2024-12-10, 7:25:48",0.2608,383.38,389.79,-99.985504,-0.999873818,100.985377818,0,1.6717,FP;O,,FY25,0,Stocks,0.2608,383.38,2024-12-10
Order,Stocks,USD,TSLA,"2025-01-14, 7:06:29",0.8871,393.380007891,403.31,-348.967405,-1.000040807,349.967445807,0,8.8089,FP;O;P;RP,,FY25,0,Stocks,0.8871,393.380007891,2025-01-14
Order,Stocks,USD,TSLA,"2025-03-22, 8:15:41",1,249.15,248.71,-249.15,-1.000035,250.150035,0,-0.44,O,,FY25,0,Stocks,1.0,249.15,2025-03-22
Order,Stocks,USD,TSLA,"2025-03-29, 0:30:02",0.8521,275.32,263.55,-234.600172,-1.000039197,235.600211197,0,-10.0292,O;RP,,FY25,0,Stocks,0.8521,275.32,2025-03-29
Order,Stocks,USD,TSLA,"2025-06-06, 4:50:57",1,290.95,284.7,-290.95,-1.000035,291.950035,0,-6.25,O,,FY25,0,Stocks,1.0,290.95,2025-06-06
Order,Forex,USD,AUD.USD,"2024-07-19, 5:40:31",-997.31,0.67035,,668.5467585,-2.9722,,,-0.373074,,,FY25,,Forex,-997.31,0.67035,2024-07-19
Order,Forex,USD,AUD.USD,"2024-08-08, 11:00:12",0.8972,0.652,,-0.5849744,0,,,0.009852,,,FY25,,Forex,0.8972,0.652,2024-08-08
Order,Forex,USD,AUD.USD,"2024-09-12, 5:57:12",-497.78,0.6674,,332.218372,-3.0064,,,-0.017213,,,FY25,,Forex,-497.78,0.6674,2024-09-12
Order,Forex,USD,AUD.USD,"2024-09-13, 0:20:33",-0.11,0.6683,,0.073513,0,,,-0.000649,AFx,,FY25,,Forex,-0.11,0.6683,2024-09-13
Order,Forex,USD,AUD.USD,"2024-09-13, 0:21:03",-1.38,0.66815,,0.922047,0,,,-0.008455,AFx,,FY25,,Forex,-1.38,0.66815,2024-09-13
Order,Forex,USD,AUD.USD,"2024-09-13, 0:21:04",1.38,0.66835,,-0.922323,0,,,0.008045,AFx,,FY25,,Forex,1.38,0.66835,2024-09-13
Order,Forex,USD,AUD.USD,"2024-09-13, 7:00:00",0.00814688,0.67242798,,-0.005478189,0,,,-2e-06,,,FY25,,Forex,0.00814688,0.67242798,2024-09-13
Order,Forex,USD,AUD.USD,"2024-09-13, 7:00:00",-0.00644688,0.67200341,,0.004332325,0,,,-3e-06,,,FY25,,Forex,-0.00644688,0.67200341,2024-09-13
Order,Forex,USD,AUD.USD,"2024-09-20, 23:41:36",-597.07,0.6801,,406.067307,-2.935,,,-0.475913,,,FY25,,Forex,-597.07,0.6801,2024-09-20
Order,Forex,USD,AUD.USD,"2024-09-21, 7:00:00",0.005,0.6808542,,-0.003404271,0,,,-2e-06,,,FY25,,Forex,0.005,0.6808542,2024-09-21
Order,Forex,USD,AUD.USD,"2024-09-27, 7:00:00",1.1710365,0.68972078,,-0.807688206,0,,,-0.000272,,,FY25,,Forex,1.1710365,0.68972078,2024-09-27
Order,Forex,USD,AUD.USD,"2024-10-04, 6:00:54",-1498.27,0.6843,,1025.266161,-2.9048,,,0.464074,,,FY25,,Forex,-1498.27,0.6843,2024-10-04
Order,Forex,USD,AUD.USD,"2024-10-04, 7:00:00",0.04384548,0.6842211,,-0.03,0,,,-9e-06,,,FY25,,Forex,0.04384548,0.6842211,2024-10-04
Order,Forex,USD,AUD.USD,"2024-10-04, 23:34:07",-0.03,0.67895,,0.0203685,0,,,-2.2e-05,AFx,,FY25,,Forex,-0.03,0.67895,2024-10-04
Order,Forex,USD,AUD.USD,"2024-10-05, 7:00:00",-3.676e-05,0.67919953,,2.4968e-05,0,,,0,,,FY25,,Forex,-3.676e-05,0.67919953,2024-10-05
Order,Forex,USD,AUD.USD,"2024-10-05, 7:00:00",-0.00675105,0.67922752,,0.0045855,0,,,-2e-06,,,FY25,,Forex,-0.00675105,0.67922752,2024-10-05
Order,Forex,USD,AUD.USD,"2024-10-08, 6:54:57",0.58,0.6756,,-0.391848,0,,,0.000104,AFx,,FY25,,Forex,0.58,0.6756,2024-10-08
Order,Forex,USD,AUD.USD,"2024-10-08, 6:54:57",-0.58,0.67535,,0.391703,0,,,-0.000319,AFx,,FY25,,Forex,-0.58,0.67535,2024-10-08
Order,Forex,USD,AUD.USD,"2024-10-08, 8:00:00",0.00182863,0.67591524,,-0.001236,0,,,0,,,FY25,,Forex,0.00182863,0.67591524,2024-10-08
Order,Forex,USD,AUD.USD,"2024-10-28, 19:18:22",-496.97,0.66,,328.0002,-3.0286,,,1.262304,,,FY25,,Forex,-496.97,0.66,2024-10-28
Order,Forex,USD,AUD.USD,"2024-12-03, 20:54:41",-496.92,0.6494,,322.699848,-3.0882,,,0.618626,,,FY25,,Forex,-496.92,0.6494,2024-12-03
Order,Forex,USD,AUD.USD,"2024-12-04, 9:00:00",0.00167721,0.64879458,,-0.001088163,0,,,-1e-06,,,FY25,,Forex,0.00167721,0.64879458,2024-12-04
Order,Forex,USD,AUD.USD,"2024-12-04, 10:37:07",-93.54,0.64825,,60.637305,0,,,0.757073,AFx,,FY25,,Forex,-93.54,0.64825,2024-12-04
Order,Forex,USD,AUD.USD,"2024-12-04, 10:37:07",93.53,0.6488,,-60.682264,0,,,-0.836989,AFx,,FY25,,Forex,93.53,0.6488,2024-12-04
Order,Forex,USD,AUD.USD,"2024-12-04, 14:32:10",0.01,0.64145,,-0.0064145,0,,,2.5e-05,AFx,,FY25,,Forex,0.01,0.64145,2024-12-04
Order,Forex,USD,AUD.USD,"2024-12-05, 9:00:00",-0.00692245,0.64284647,,0.00445007,0,,,-2e-06,,,FY25,,Forex,-0.00692245,0.64284647,2024-12-05
Order,Forex,USD,AUD.USD,"2024-12-05, 9:00:00",0.00692245,0.64323761,,-0.004452778,0,,,-3e-06,,,FY25,,Forex,0.00692245,0.64323761,2024-12-05
Order,Forex,USD,AUD.USD,"2024-12-10, 9:00:00",0.27771783,0.64417905,,-0.178900006,0,,,-7.8e-05,,,FY25,,Forex,0.27771783,0.64417905,2024-12-10
Order,Forex,USD,AUD.USD,"2024-12-13, 9:00:00",0.75352724,0.63700418,,-0.48,0,,,-0.000217,,,FY25,,Forex,0.75352724,0.63700418,2024-12-13
Order,Forex,USD,AUD.USD,"2024-12-14, 1:32:38",-0.71,0.63715,,0.4523765,0,,,0.001045,AFx,,FY25,,Forex,-0.71,0.63715,2024-12-14
Order,Forex,USD,AUD.USD,"2024-12-14, 9:00:00",-0.00070722,0.63603767,,0.000449822,0,,,0,,,FY25,,Forex,-0.00070722,0.63603767,2024-12-14
Order,Forex,USD,AUD.USD,"2024-12-14, 9:00:00",0.00412699,0.6364205,,-0.0026265,0,,,-1e-06,,,FY25,,Forex,0.00412699,0.6364205,2024-12-14
Order,Forex,USD,AUD.USD,"2024-12-17, 9:00:00",0.70611949,0.63728591,,-0.45,0,,,-0.000201,,,FY25,,Forex,0.70611949,0.63728591,2024-12-17
Order,Forex,USD,AUD.USD,"2024-12-18, 1:34:35",-0.68,0.63465,,0.431562,0,,,0.001048,AFx,,FY25,,Forex,-0.68,0.63465,2024-12-18
Order,Forex,USD,AUD.USD,"2024-12-18, 9:00:00",-0.00068666,0.63348113,,0.000434988,0,,,-1e-06,,,FY25,,Forex,-0.00068666,0.63348113,2024-12-18
Order,Forex,USD,AUD.USD,"2024-12-18, 9:00:00",-0.00515876,0.63348551,,0.003268,0,,,-2e-06,,,FY25,,Forex,-0.00515876,0.63348551,2024-12-18
Order,Forex,USD,AUD.USD,"2024-12-20, 9:00:00",0.01602474,0.624035,,-0.01,0,,,-4e-06,,,FY25,,Forex,0.01602474,0.624035,2024-12-20
Order,Forex,USD,AUD.USD,"2024-12-28, 9:00:00",0.83615604,0.62189349,,-0.52,0,,,-0.000264,,,FY25,,Forex,0.83615604,0.62189349,2024-12-28
Order,Forex,USD,AUD.USD,"2024-12-31, 1:34:39",-0.79,0.6215,,0.490985,0,,,-0.000791,AFx,,FY25,,Forex,-0.79,0.6215,2024-12-31
Order,Forex,USD,AUD.USD,"2024-12-31, 9:00:00",-0.00080164,0.62193439,,0.00049857,0,,,-1e-06,,,FY25,,Forex,-0.00080164,0.62193439,2024-12-31
Order,Forex,USD,AUD.USD,"2024-12-31, 9:00:00",-0.01208006,0.62193405,,0.007513,0,,,-4e-06,,,FY25,,Forex,-0.01208006,0.62193405,2024-12-31
Order,Forex,USD,AUD.USD,"2025-01-10, 16:05:18",-997.16,0.6192,,617.441472,-3.228,,,7.355531,,,FY25,,Forex,-997.16,0.6192,2025-01-10
Order,Forex,USD,AUD.USD,"2025-01-14, 6:24:01",-1.63,0.61551,,1.0032813,0,,,-0.000972,AFx,,FY25,,Forex,-1.63,0.61551,2025-01-14
Order,Forex,USD,AUD.USD,"2025-01-14, 6:24:02",1.63,0.61604,,-1.0041452,0,,,-0.000431,AFx,,FY25,,Forex,1.63,0.61604,2025-01-14
Order,Forex,USD,AUD.USD,"2025-01-14, 7:06:59",1.61,0.61604,,-0.9918244,0,,,-0.000425,AFx,,FY25,,Forex,1.61,0.61604,2025-01-14
Order,Forex,USD,AUD.USD,"2025-01-14, 7:06:59",-1.61,0.61546,,0.9908906,0,,,-0.001091,AFx,,FY25,,Forex,-1.61,0.61546,2025-01-14
Order,Forex,USD,AUD.USD,"2025-01-14, 9:00:00",-0.0096818,0.61568157,,0.005960907,0,,,-3e-06,,,FY25,,Forex,-0.0096818,0.61568157,2025-01-14
Order,Forex,USD,AUD.USD,"2025-01-14, 9:00:00",0.00344383,0.61605292,,-0.002121581,0,,,-1e-06,,,FY25,,Forex,0.00344383,0.61605292,2025-01-14
Order,Forex,USD,AUD.USD,"2025-01-14, 9:00:00",4.47717352,0.61605292,,-2.758175819,0,,,-0.001276,,,FY25,,Forex,4.47717352,0.61605292,2025-01-14
Order,Forex,USD,AUD.USD,"2025-01-31, 22:18:07",-501.26,0.62135,,311.457901,-3.2208,,,0.218366,,,FY25,,Forex,-501.26,0.62135,2025-01-31
Order,Forex,USD,AUD.USD,"2025-02-01, 9:00:00",0.00362648,0.62124632,,-0.002252939,0,,,-1e-06,,,FY25,,Forex,0.00362648,0.62124632,2025-02-01
Order,Forex,USD,AUD.USD,"2025-03-21, 7:27:52",-177.42,0.6302,,111.810084,0,,,-0.033302,AFx,,FY25,,Forex,-177.42,0.6302,2025-03-21
Order,Forex,USD,AUD.USD,"2025-03-21, 8:00:00",-0.03400853,0.63011026,,0.021429123,0,,,-1.2e-05,,,FY25,,Forex,-0.03400853,0.63011026,2025-03-21
Order,Forex,USD,AUD.USD,"2025-03-22, 6:49:24",-1.6,0.62699,,1.003184,0,,,-0.000323,AFx,,FY25,,Forex,-1.6,0.62699,2025-03-22
Order,Forex,USD,AUD.USD,"2025-03-22, 6:49:24",-286.6,0.627,,179.6982,0,,,-0.05325,AFx,,FY25,,Forex,-286.6,0.627,2025-03-22
Order,Forex,USD,AUD.USD,"2025-03-22, 6:49:24",-0.02,0.627,,0.01254,0,,,-4e-06,AFx,,FY25,,Forex,-0.02,0.627,2025-03-22
Order,Forex,USD,AUD.USD,"2025-03-22, 8:00:00",-397.4226912,0.62693768,,249.15926,0,,,-0.113335,,,FY25,,Forex,-397.4226912,0.62693768,2025-03-22
Order,Forex,USD,AUD.USD,"2025-03-22, 8:00:00",-1.59017555,0.62692512,,0.996921,0,,,-0.000486,,,FY25,,Forex,-1.59017555,0.62692512,2025-03-22
Order,Forex,USD,AUD.USD,"2025-03-24, 19:16:46",-132.12,0.6295,,83.16954,-3.1892,,,0.186104,,,FY25,,Forex,-132.12,0.6295,2025-03-24
Order,Forex,USD,AUD.USD,"2025-03-25, 11:14:29",-1.17,0.6281,,0.734877,0,,,-0.004191,AFx,,FY25,,Forex,-1.17,0.6281,2025-03-25
Order,Forex,USD,AUD.USD,"2025-03-25, 11:14:29",1.16,0.62864,,-0.7292224,0,,,0.003162,AFx,,FY25,,Forex,1.16,0.62864,2025-03-25
Order,Forex,USD,AUD.USD,"2025-03-25, 13:34:17",0.01,0.62894,,-0.0062894,0,,,2.2e-05,AFx,,FY25,,Forex,0.01,0.62894,2025-03-25
Order,Forex,USD,AUD.USD,"2025-03-26, 8:00:00",0.00283092,0.63053795,,-0.001785,0,,,-1e-06,,,FY25,,Forex,0.00283092,0.63053795,2025-03-26
Order,Forex,USD,AUD.USD,"2025-03-28, 21:35:25",-996.83,0.62955,,627.5543265,-3.1722,,,1.232401,,,FY25,,Forex,-996.83,0.62955,2025-03-28
Order,Forex,USD,AUD.USD,"2025-03-29, 0:30:32",-358.87,0.63085,,226.3931395,0,,,1.185649,AFx,,FY25,,Forex,-358.87,0.63085,2025-03-29
Order,Forex,USD,AUD.USD,"2025-03-29, 0:30:32",-0.08,0.63085,,0.050468,0,,,0.000264,AFx,,FY25,,Forex,-0.08,0.63085,2025-03-29
Order,Forex,USD,AUD.USD,"2025-03-29, 0:30:32",358.95,0.63139,,-226.6374405,0,,,-1.494185,AFx,,FY25,,Forex,358.95,0.63139,2025-03-29
Order,Forex,USD,AUD.USD,"2025-03-29, 7:37:11",137.21,0.62904,,-86.3105784,0,,,-0.058344,AFx,,FY25,,Forex,137.21,0.62904,2025-03-29
Order,Forex,USD,AUD.USD,"2025-03-29, 7:37:11",-137.21,0.6285,,86.236485,0,,,-0.059494,AFx,,FY25,,Forex,-137.21,0.6285,2025-03-29
Order,Forex,USD,AUD.USD,"2025-03-29, 8:00:00",-136.46828279,0.62857713,,85.780841534,0,,,-0.042433,,,FY25,,Forex,-136.46828279,0.62857713,2025-03-29
Order,Forex,USD,AUD.USD,"2025-03-29, 8:00:00",136.46372716,0.62895863,,-85.830038879,0,,,-0.040367,,,FY25,,Forex,136.46372716,0.62895863,2025-03-29
Order,Forex,USD,AUD.USD,"2025-04-01, 0:30:53",-1.61,0.62244,,1.0021284,0,,,-0.005793,AFx,,FY25,,Forex,-1.61,0.62244,2025-04-01
Order,Forex,USD,AUD.USD,"2025-04-01, 5:30:19",-995,0.6247,,621.5765,-3.1808,,,0.019661,,,FY25,,Forex,-995.0,0.6247,2025-04-01
Order,Forex,USD,AUD.USD,"2025-04-01, 5:31:26",-0.2,0.6245,,0.1249,0,,,-6e-05,AFx,,FY25,,Forex,-0.2,0.6245,2025-04-01
Order,Forex,USD,AUD.USD,"2025-04-01, 5:31:57",-0.47,0.62455,,0.2935385,0,,,-0.000104,AFx,,FY25,,Forex,-0.47,0.62455,2025-04-01
Order,Forex,USD,AUD.USD,"2025-04-01, 5:32:27",26.14,0.62514,,-16.3411596,0,,,-0.018928,AFx,,FY25,,Forex,26.14,0.62514,2025-04-01
Order,Forex,USD,AUD.USD,"2025-04-01, 5:32:27",-25.68,0.62455,,16.038444,0,,,-0.005659,AFx,,FY25,,Forex,-25.68,0.62455,2025-04-01
Order,Forex,USD,AUD.USD,"2025-04-01, 5:33:10",-1.61,0.62455,,1.0055255,0,,,-0.000355,AFx,,FY25,,Forex,-1.61,0.62455,2025-04-01
Order,Forex,USD,AUD.USD,"2025-04-01, 5:33:30",-182.94,0.62455,,114.255177,0,,,-0.040313,AFx,,FY25,,Forex,-182.94,0.62455,2025-04-01
Order,Forex,USD,AUD.USD,"2025-04-01, 5:33:30",-0.04,0.62455,,0.024982,0,,,-9e-06,AFx,,FY25,,Forex,-0.04,0.62455,2025-04-01
Order,Forex,USD,AUD.USD,"2025-04-01, 5:33:31",184.59,0.62514,,-115.3945926,0,,,-0.133664,AFx,,FY25,,Forex,184.59,0.62514,2025-04-01
Order,Forex,USD,AUD.USD,"2025-04-01, 6:11:36",-0.77,0.62465,,0.4809805,0,,,-4.6e-05,AFx,,FY25,,Forex,-0.77,0.62465,2025-04-01
Order,Forex,USD,AUD.USD,"2025-04-01, 6:12:06",-77.14,0.62465,,48.185501,0,,,-0.00465,AFx,,FY25,,Forex,-77.14,0.62465,2025-04-01
Order,Forex,USD,AUD.USD,"2025-04-01, 6:12:36",-1.35,0.6247,,0.843345,0,,,2.7e-05,AFx,,FY25,,Forex,-1.35,0.6247,2025-04-01
Order,Forex,USD,AUD.USD,"2025-04-01, 6:13:07",-134.9,0.62475,,84.278775,0,,,0.013463,AFx,,FY25,,Forex,-134.9,0.62475,2025-04-01
Order,Forex,USD,AUD.USD,"2025-04-01, 6:13:38",-1.59,0.62475,,0.9933525,0,,,0.000159,AFx,,FY25,,Forex,-1.59,0.62475,2025-04-01
Order,Forex,USD,AUD.USD,"2025-04-01, 6:14:09",-304.16,0.6247,,190.008752,0,,,0.00601,AFx,,FY25,,Forex,-304.16,0.6247,2025-04-01
Order,Forex,USD,AUD.USD,"2025-04-01, 6:14:10",519.99,0.62524,,-325.1185476,0,,,-0.459771,AFx,,FY25,,Forex,519.99,0.62524,2025-04-01
Order,Forex,USD,AUD.USD,"2025-04-01, 6:14:10",-0.08,0.6247,,0.049976,0,,,2e-06,AFx,,FY25,,Forex,-0.08,0.6247,2025-04-01
Order,Forex,USD,AUD.USD,"2025-04-01, 6:18:25",-1.61,0.62475,,1.0058475,0,,,0.000161,AFx,,FY25,,Forex,-1.61,0.62475,2025-04-01
Order,Forex,USD,AUD.USD,"2025-04-01, 6:18:55",-0.02,0.62475,,0.012495,0,,,2e-06,AFx,,FY25,,Forex,-0.02,0.62475,2025-04-01
Order,Forex,USD,AUD.USD,"2025-04-01, 6:18:55",173.71,0.62534,,-108.6278114,0,,,-0.1814,AFx,,FY25,,Forex,173.71,0.62534,2025-04-01
Order,Forex,USD,AUD.USD,"2025-04-01, 6:18:55",-172.08,0.62475,,107.50698,0,,,0.017174,AFx,,FY25,,Forex,-172.08,0.62475,2025-04-01
Order,Forex,USD,AUD.USD,"2025-04-01, 8:00:00",0.01325595,0.6248674,,-0.008283211,0,,,-4e-06,,,FY25,,Forex,0.01325595,0.6248674,2025-04-01
Order,Forex,USD,AUD.USD,"2025-04-01, 8:00:00",-0.00117426,0.62448342,,0.000733307,0,,,0,,,FY25,,Forex,-0.00117426,0.62448342,2025-04-01
Order,Forex,USD,AUD.USD,"2025-04-01, 8:00:00",-0.01128169,0.62448801,,0.007045279,0,,,-4e-06,,,FY25,,Forex,-0.01128169,0.62448801,2025-04-01
Order,Forex,USD,AUD.USD,"2025-04-07, 18:11:36",-996.69,0.60245,,600.4558905,-3.309,,,6.491656,,,FY25,,Forex,-996.69,0.60245,2025-04-07
Order,Forex,USD,AUD.USD,"2025-04-07, 18:14:18",-50.68,0.60181,,30.4997308,0,,,0.2759,AFx,,FY25,,Forex,-50.68,0.60181,2025-04-07
Order,Forex,USD,AUD.USD,"2025-04-07, 18:14:18",50.69,0.60244,,-30.5376836,0,,,-0.329308,AFx,,FY25,,Forex,50.69,0.60244,2025-04-07
Order,Forex,USD,AUD.USD,"2025-04-07, 18:14:18",-0.02,0.60186,,0.0120372,0,,,0.000111,AFx,,FY25,,Forex,-0.02,0.60186,2025-04-07
Order,Forex,USD,AUD.USD,"2025-04-07, 23:31:48",-684.86,0.604421255,,413.9439404,0,,,6.716141,AFx;P,,FY25,,Forex,-684.86,0.604421255,2025-04-07
Order,Forex,USD,AUD.USD,"2025-04-07, 23:32:20",-0.86,0.60566,,0.5208676,0,,,0.010213,AFx,,FY25,,Forex,-0.86,0.60566,2025-04-07
Order,Forex,USD,AUD.USD,"2025-04-07, 23:32:20",685.72,0.60624,,-415.7108928,0,,,-8.808189,AFx,,FY25,,Forex,685.72,0.60624,2025-04-07
Order,Forex,USD,AUD.USD,"2025-04-08, 7:00:00",0.00240471,0.59873613,,-0.001439787,0,,,0,,,FY25,,Forex,0.00240471,0.59873613,2025-04-08
Order,Forex,USD,AUD.USD,"2025-04-08, 7:00:00",0.00659529,0.59873957,,-0.003948861,0,,,-2e-06,,,FY25,,Forex,0.00659529,0.59873957,2025-04-08
Order,Forex,USD,AUD.USD,"2025-04-23, 9:00:24",-996.86,0.63615,,634.152489,-3.117,,,0.344789,,,FY25,,Forex,-996.86,0.63615,2025-04-23
Order,Forex,USD,AUD.USD,"2025-04-24, 9:46:28",-248.74,0.63674,,158.3827076,0,,,-1.647138,AFx,,FY25,,Forex,-248.74,0.63674,2025-04-24
Order,Forex,USD,AUD.USD,"2025-04-24, 9:46:29",-0.02,0.63674,,0.0127348,0,,,-0.000132,AFx,,FY25,,Forex,-0.02,0.63674,2025-04-24
Order,Forex,USD,AUD.USD,"2025-04-24, 9:46:29",248.76,0.6373,,-158.534748,0,,,1.42994,AFx,,FY25,,Forex,248.76,0.6373,2025-04-24
Order,Forex,USD,AUD.USD,"2025-04-25, 7:00:00",-0.00197009,0.64076419,,0.001262361,0,,,-1e-06,,,FY25,,Forex,-0.00197009,0.64076419,2025-04-25
Order,Forex,USD,AUD.USD,"2025-05-06, 7:00:00",0.95448634,0.64705064,,-0.617601,0,,,-0.000263,,,FY25,,Forex,0.95448634,0.64705064,2025-05-06
Order,Forex,USD,AUD.USD,"2025-06-05, 5:09:36",-182.73,0.64944,,118.6721712,0,,,0.060745,AFx,,FY25,,Forex,-182.73,0.64944,2025-06-05
Order,Forex,USD,AUD.USD,"2025-06-05, 5:09:36",-0.04,0.64944,,0.0259776,0,,,1.3e-05,AFx,,FY25,,Forex,-0.04,0.64944,2025-06-05
Order,Forex,USD,AUD.USD,"2025-06-05, 5:09:36",-1.54,0.64943,,1.0001222,0,,,0.000488,AFx,,FY25,,Forex,-1.54,0.64943,2025-06-05
Order,Forex,USD,AUD.USD,"2025-06-05, 7:00:00",-0.00271796,0.64901584,,0.001764,0,,,-1e-06,,,FY25,,Forex,-0.00271796,0.64901584,2025-06-05
Order,Forex,USD,AUD.USD,"2025-06-06, 4:59:00",-1.54,0.65079,,1.0022166,0,,,0.000607,AFx,,FY25,,Forex,-1.54,0.65079,2025-06-06
Order,Forex,USD,AUD.USD,"2025-06-06, 4:59:00",-446.95,0.6508,,290.87506,0,,,0.183142,AFx,,FY25,,Forex,-446.95,0.6508,2025-06-06
Order,Forex,USD,AUD.USD,"2025-06-06, 4:59:00",-0.11,0.65075,,0.0715825,0,,,3.7e-05,AFx,,FY25,,Forex,-0.11,0.65075,2025-06-06
Order,Forex,USD,AUD.USD,"2025-06-06, 5:10:17",-864.98,0.65115,,563.231727,-3.0806,,,0.819811,,,FY25,,Forex,-864.98,0.65115,2025-06-06
Order,Forex,USD,AUD.USD,"2025-06-06, 7:00:00",0.00335286,0.65066734,,-0.0021816,0,,,-1e-06,,,FY25,,Forex,0.00335286,0.65066734,2025-06-06
Order,Forex,USD,AUD.USD,"2025-06-06, 7:00:00",-0.00516309,0.65028862,,0.0033575,0,,,-2e-06,,,FY25,,Forex,-0.00516309,0.65028862,2025-06-06
Order,Stocks,USD,AMD,"2025-08-06, 19:34:03",2,164,163.12,-328,-1.000044,329.000044,0,-1.76,O,,FY26,0,Stocks,2.0,164.0,2025-08-06
Order,Stocks,USD,AMD,"2025-09-06, 5:58:06",2,151.05,151.14,-302.1,-1.000044,303.100044,0,0.18,O,,FY26,0,Stocks,2.0,151.05,2025-09-06
Order,Stocks,USD,AMD,"2025-11-08, 6:00:01",1,228.37,233.54,-228.37,-1.000022,229.370022,0,5.17,O,,FY26,0,Stocks,1.0,228.37,2025-11-08
Order,Stocks,USD,AMZN,"2025-09-24, 19:12:34",1,224.02,220.21,-224.02,-1.000022,225.020022,0,-3.81,O,,FY26,0,Stocks,1.0,224.02,2025-09-24
Order,Stocks,USD,AMZN,"2025-09-25, 5:44:01",2,219.5691,220.21,-439.1382,-1.000044,440.138244,0,1.2818,IA;O,,FY26,0,Stocks,2.0,219.5691,2025-09-25
Order,Stocks,USD,AMZN,"2025-09-25, 22:28:55",1,219.7,218.15,-219.7,-1.000022,220.700022,0,-1.55,O,,FY26,0,Stocks,1.0,219.7,2025-09-25
Order,Stocks,USD,AMZN,"2025-09-26, 18:21:41",1,219,219.78,-219,-1.000022,220.000022,0,0.78,O,,FY26,0,Stocks,1.0,219.0,2025-09-26
Order,Stocks,USD,AMZN,"2025-10-01, 18:40:02",2,217.7,220.63,-435.4,-1.000044,436.400044,0,5.86,O,,FY26,0,Stocks,2.0,217.7,2025-10-01
Order,Stocks,USD,AMZN,"2025-10-13, 20:07:36",1,221,220.07,-221,-1.000022,222.000022,0,-0.93,O,,FY26,0,Stocks,1.0,221.0,2025-10-13
Order,Stocks,USD,AMZN,"2026-01-22, 22:42:50",1,233.38,234.34,-233.38,-1,234.38,0,0.96,O,,FY26,0,Stocks,1.0,233.38,2026-01-22
Order,Stocks,USD,AMZN,"2026-02-03, 21:23:46",1,244.85,238.62,-244.85,-1,245.85,0,-6.23,O,,FY26,0,Stocks,1.0,244.85,2026-02-03
Order,Stocks,USD,AMZN,"2026-02-06, 22:14:10",1,205,210.32,-205,-1,206,0,5.32,O,,FY26,0,Stocks,1.0,205.0,2026-02-06
Order,Stocks,USD,ASTS,"2025-07-08, 0:21:06",1,45,45.69,-45,-0.450022,45.450022,0,0.69,O,,FY26,0,Stocks,1.0,45.0,2025-07-08
Order,Stocks,USD,ASTS,"2025-07-10, 5:31:29",1,43.27,42.5,-43.27,-0.432727,43.702727,0,-0.77,O,,FY26,0,Stocks,1.0,43.27,2025-07-10
Order,Stocks,USD,ASTS,"2025-07-25, 6:56:34",1,53.93,60.06,-53.93,-0.542322,54.472322,0,6.13,O,,FY26,0,Stocks,1.0,53.93,2025-07-25
Order,Stocks,USD,ASTS,"2025-07-25, 19:20:43",1,55,54.335,-55,-0.550022,55.550022,0,-0.665,O,,FY26,0,Stocks,1.0,55.0,2025-07-25
Order,Stocks,USD,ASTS,"2025-09-23, 23:30:13",-4,49,54.8,196,-1.000752,-199.175093,-4.175845,-23.2,C,,FY26,-4.175845,Stocks,-4.0,49.0,2025-09-23
Order,Stocks,USD,GOOGL,"2025-07-28, 19:36:51",1,193.97,192.58,-193.97,-1.000022,194.970022,0,-1.39,O,,FY26,0,Stocks,1.0,193.97,2025-07-28
Order,Stocks,USD,GOOGL,"2025-07-31, 7:01:25",1,195.4,196.53,-195.4,-1.000022,196.400022,0,1.13,O,,FY26,0,Stocks,1.0,195.4,2025-07-31
Order,Stocks,USD,GOOGL,"2025-09-16, 23:30:01",0.007,252,251.16,-1.764,-0.001764154,1.765764154,0,-0.0059,O;R,,FY26,0,Stocks,0.007,252.0,2025-09-16
Order,Stocks,USD,GOOGL,"2025-12-17, 1:33:55",0.0058,305.58,306.57,-1.772364,-0.001772364,1.774136364,0,0.0057,O;R,,FY26,0,Stocks,0.0058,305.58,2025-12-17
Order,Stocks,USD,GRAB,"2026-01-22, 20:09:02",10,4.45,4.55,-44.5,-0.445,44.945,0,1,O,,FY26,0,Stocks,10.0,4.45,2026-01-22
Order,Stocks,USD,GRAB,"2026-02-13, 20:00:30",5,4.26,4.13,-21.3,-0.213,21.513,0,-0.65,O,,FY26,0,Stocks,5.0,4.26,2026-02-13
Order,Stocks,USD,HIMS,"2025-07-07, 21:38:59",1,47,48.42,-47,-0.470022,47.470022,0,1.42,O,,FY26,0,Stocks,1.0,47.0,2025-07-07
Order,Stocks,USD,HIMS,"2025-07-12, 5:52:28",2,47.8,47.89,-95.6,-0.956044,96.556044,0,0.18,O,,FY26,0,Stocks,2.0,47.8,2025-07-12
Order,Stocks,USD,HIMS,"2025-09-25, 5:41:54",2,53.3,53.25,-106.6,-1.000044,107.600044,0,-0.1,O,,FY26,0,Stocks,2.0,53.3,2025-09-25
Order,Stocks,USD,HIMS,"2025-10-04, 5:58:25",2,52.6,52.54,-105.2,-1.000044,106.200044,0,-0.12,O,,FY26,0,Stocks,2.0,52.6,2025-10-04
Order,Stocks,USD,META,"2025-09-30, 23:30:01",0.0012,741.5,734.38,-0.8898,-0.000889826,0.890689826,0,-0.0085,O;R,,FY26,0,Stocks,0.0012,741.5,2025-09-30
Order,Stocks,USD,META,"2025-10-30, 22:11:17",1,685,666.47,-685,-1.000022,686.000022,0,-18.53,O,,FY26,0,Stocks,1.0,685.0,2025-10-30
Order,Stocks,USD,META,"2025-11-11, 6:45:44",0.4743,632.48,631.76,-299.985264,-1.000010435,300.985274435,0,-0.3415,FP;O,,FY26,0,Stocks,0.4743,632.48,2025-11-11
Order,Stocks,USD,META,"2025-12-25, 1:33:34",0.0023,664.44,667.55,-1.528212,-0.001528212,1.529740212,0,0.0072,O;R,,FY26,0,Stocks,0.0023,664.44,2025-12-25
Order,Stocks,USD,META,"2026-02-18, 5:59:24",0.521,641.95,639.29,-334.45595,-1,335.45595,0,-1.3859,O;RP,,FY26,0,Stocks,0.521,641.95,2026-02-18
Order,Stocks,USD,MSFT,"2025-09-12, 23:31:09",0.0014,505.15,509.9,-0.70721,-0.000707241,0.707917241,0,0.0066,O;R,,FY26,0,Stocks,0.0014,505.15,2025-09-12
Order,Stocks,USD,MSFT,"2025-12-13, 1:30:00",0.0016,480,478.53,-0.768,-0.000768,0.768768,0,-0.0024,O;R,,FY26,0,Stocks,0.0016,480.0,2025-12-13
Order,Stocks,USD,MSFT,"2026-01-30, 6:32:05",1,424,433.5,-424,-1,425,0,9.5,O,,FY26,0,Stocks,1.0,424.0,2026-01-30
Order,Stocks,USD,MSFT,"2026-02-09, 21:05:20",1,404,413.6,-404,-1,405,0,9.6,O,,FY26,0,Stocks,1.0,404.0,2026-02-09
Order,Stocks,USD,NFLX,"2026-01-22, 22:42:04",1,85.23,83.54,-85.23,-0.8553,86.0853,0,-1.69,O,,FY26,0,Stocks,1.0,85.23,2026-01-22
Order,Stocks,USD,NFLX,"2026-02-03, 21:34:27",1,82.69,79.94,-82.69,-0.8269,83.5169,0,-2.75,O,,FY26,0,Stocks,1.0,82.69,2026-02-03
Order,Stocks,USD,NU,"2026-01-22, 20:33:12",3,17.43,18,-52.29,-0.5229,52.8129,0,1.71,O,,FY26,0,Stocks,3.0,17.43,2026-01-22
Order,Stocks,USD,NU,"2026-02-10, 22:18:55",2,17.63,17.57,-35.26,-0.3526,35.6126,0,-0.12,O,,FY26,0,Stocks,2.0,17.63,2026-02-10
Order,Stocks,USD,NU,"2026-02-13, 20:00:01",2,16.96,16.82,-33.92,-0.3392,34.2592,0,-0.28,O,,FY26,0,Stocks,2.0,16.96,2026-02-13
Order,Stocks,USD,NVDA,"2025-07-07, 23:33:23",0.0005,158.73,158.24,-0.079365,-7.9379e-05,0.079444379,0,-0.0002,O;R,,FY26,0,Stocks,0.0005,158.73,2025-07-07
Order,Stocks,USD,NVDA,"2025-10-03, 23:30:00",0.0004,189.2,187.62,-0.07568,-7.5689e-05,0.075755689,0,-0.0006,O;R,,FY26,0,Stocks,0.0004,189.2,2025-10-03
Order,Stocks,USD,NVDA,"2025-12-18, 6:59:32",0.9991,171.64,170.94,-171.485524,-1,172.485524,0,-0.6994,O;RP,,FY26,0,Stocks,0.9991,171.64,2025-12-18
Order,Stocks,USD,NVDA,"2025-12-30, 1:30:01",0.0004,187.74,188.22,-0.075096,-7.5096e-05,0.075171096,0,0.0002,O;R,,FY26,0,Stocks,0.0004,187.74,2025-12-30
Order,Stocks,USD,OSCR,"2025-10-04, 5:57:29",-1,21.64,21.66,21.64,-0.216588,-21.091835,0.331577,-0.02,C,,FY26,0.331577,Stocks,-1.0,21.64,2025-10-04
Order,Stocks,USD,PLTR,"2025-09-25, 22:30:20",1,175,179.12,-175,-1.000022,176.000022,0,4.12,O,,FY26,0,Stocks,1.0,175.0,2025-09-25
Order,Stocks,USD,PLTR,"2025-10-04, 5:58:39",1,173.175,173.07,-173.175,-1.000022,174.175022,0,-0.105,IA;O,,FY26,0,Stocks,1.0,173.175,2025-10-04
Order,Stocks,USD,SHOP,"2025-08-21, 5:53:44",0.2331,137.24,137.29,-31.990644,-0.319912734,32.310556734,0,0.0117,FP;O,,FY26,0,Stocks,0.2331,137.24,2025-08-21
Order,Stocks,USD,SHOP,"2025-09-24, 5:55:31",1.7669,149.942691029,149.94,-264.93374078,-1.000038872,265.933779652,0,-0.0048,O;P;RPA,,FY26,0,Stocks,1.7669,149.942691029,2025-09-24
Order,Stocks,USD,UNH,"2025-08-06, 19:35:31",1,253.65,245.78,-253.65,-1.000022,254.650022,0,-7.87,O,,FY26,0,Stocks,1.0,253.65,2025-08-06
Order,Stocks,USD,UNH,"2025-08-15, 22:01:18",1,299.6,304.01,-299.6,-1.000022,300.600022,0,4.41,O,,FY26,0,Stocks,1.0,299.6,2025-08-15
Order,Stocks,USD,UNH,"2025-09-24, 23:32:05",0.0106,352.24,351.81,-3.733744,-0.003733977,3.737477977,0,-0.0046,O;R,,FY26,0,Stocks,0.0106,352.24,2025-09-24
Order,Stocks,USD,UNH,"2025-10-31, 19:08:39",1,344,341.56,-344,-1.000022,345.000022,0,-2.44,O,,FY26,0,Stocks,1.0,344.0,2025-10-31
Order,Stocks,USD,UNH,"2025-12-18, 1:32:04",0.0169,333.98,331.63,-5.644262,-0.005644262,5.649906262,0,-0.0397,O;R,,FY26,0,Stocks,0.0169,333.98,2025-12-18
Order,Forex,USD,AUD.USD,"2025-07-16, 19:30:33",-1496.93,0.6517,,975.549281,-3.0704,,,-2.583611,,,FY26,,Forex,-1496.93,0.6517,2025-07-16
Order,Forex,USD,AUD.USD,"2025-07-17, 7:00:00",1.193e-05,0.65303585,,-7.791e-06,0,,,0,,,FY26,,Forex,1.193e-05,0.65303585,2025-07-17
Order,Forex,USD,AUD.USD,"2025-08-06, 19:34:32",-496,0.6492,,322.0032,-3.09,,,-0.88788,,,FY26,,Forex,-496.0,0.6492,2025-08-06
Order,Forex,USD,AUD.USD,"2025-08-21, 5:53:44",-0.1,0.64314,,0.064314,0,,,-3.7e-05,AFx,,FY26,,Forex,-0.1,0.64314,2025-08-21
Order,Forex,USD,AUD.USD,"2025-08-21, 7:00:00",0.01016368,0.64354046,,-0.006540737,0,,,-2e-06,,,FY26,,Forex,0.01016368,0.64354046,2025-08-21
Order,Forex,USD,AUD.USD,"2025-08-25, 20:01:00",-497.74,0.64885,,322.958599,-3.0816,,,0.455935,,,FY26,,Forex,-497.74,0.64885,2025-08-25
Order,Forex,USD,AUD.USD,"2025-08-26, 7:00:00",0.00143632,0.64845448,,-0.000931391,0,,,-1e-06,,,FY26,,Forex,0.00143632,0.64845448,2025-08-26
Order,Forex,USD,AUD.USD,"2025-09-23, 6:40:11",-496.97,0.6599,,327.950503,-3.033,,,-0.059398,,,FY26,,Forex,-496.97,0.6599,2025-09-23
Order,Forex,USD,AUD.USD,"2025-09-23, 7:00:00",0.003,0.66015799,,-0.001980474,0,,,-1e-06,,,FY26,,Forex,0.003,0.66015799,2025-09-23
Order,Forex,USD,AUD.USD,"2025-09-25, 5:41:04",-996,0.6581,,655.4676,-3.0308,,,-0.279169,,,FY26,,Forex,-996.0,0.6581,2025-09-25
Order,Forex,USD,AUD.USD,"2025-09-25, 5:41:54",-0.02,0.65789,,0.0131578,0,,,-1.2e-05,AFx,,FY26,,Forex,-0.02,0.65789,2025-09-25
Order,Forex,USD,AUD.USD,"2025-09-25, 5:41:54",-84.66,0.65789,,55.6969674,0,,,-0.050737,AFx,,FY26,,Forex,-84.66,0.65789,2025-09-25
Order,Forex,USD,AUD.USD,"2025-09-25, 5:44:01",-668.94,0.657890158,,440.0890426,0,,,-0.400735,AFx;P,,FY26,,Forex,-668.94,0.657890158,2025-09-25
Order,Forex,USD,AUD.USD,"2025-09-25, 5:44:01",-0.08,0.6581525,,0.0526522,0,,,-1.6e-05,AFx;P,,FY26,,Forex,-0.08,0.6581525,2025-09-25
Order,Forex,USD,AUD.USD,"2025-09-25, 7:00:00",0.00602153,0.65848849,,-0.003965111,0,,,-1e-06,,,FY26,,Forex,0.00602153,0.65848849,2025-09-25
Order,Forex,USD,AUD.USD,"2025-09-25, 19:26:12",-1244.24,0.65995,,821.136188,-3.0382,,,11.277231,,,FY26,,Forex,-1244.24,0.65995,2025-09-25
Order,Forex,USD,AUD.USD,"2025-09-25, 22:29:26",-1.53,0.65751,,1.0059903,0,,,0.008159,AFx,,FY26,,Forex,-1.53,0.65751,2025-09-25
Order,Forex,USD,AUD.USD,"2025-09-25, 22:29:26",1.52,0.6581,,-1.000312,0,,,-0.009477,AFx,,FY26,,Forex,1.52,0.6581,2025-09-25
Order,Forex,USD,AUD.USD,"2025-09-25, 22:30:27",-1.51,0.65691,,0.9919341,0,,,0.006667,AFx,,FY26,,Forex,-1.51,0.65691,2025-09-25
Order,Forex,USD,AUD.USD,"2025-09-25, 22:30:28",1.51,0.65755,,-0.9929005,0,,,-0.008145,AFx,,FY26,,Forex,1.51,0.65755,2025-09-25
Order,Forex,USD,AUD.USD,"2025-09-26, 7:00:00",0.0162204,0.65423621,,-0.010611971,0,,,-6e-06,,,FY26,,Forex,0.0162204,0.65423621,2025-09-26
Order,Forex,USD,AUD.USD,"2025-09-26, 7:00:00",-0.00324193,0.65380778,,0.0021196,0,,,-1e-06,,,FY26,,Forex,-0.00324193,0.65380778,2025-09-26
Order,Forex,USD,AUD.USD,"2025-10-13, 18:56:35",-1996.91,0.6523,,1302.584393,-3.09,,,2.557043,,,FY26,,Forex,-1996.91,0.6523,2025-10-13
Order,Forex,USD,AUD.USD,"2025-10-13, 20:07:43",-88.09,0.65214,,57.4470126,0,,,0.091164,AFx,,FY26,,Forex,-88.09,0.65214,2025-10-13
Order,Forex,USD,AUD.USD,"2025-10-13, 20:07:43",88.09,0.6527,,-57.496343,0,,,-0.166887,AFx,,FY26,,Forex,88.09,0.6527,2025-10-13
Order,Forex,USD,AUD.USD,"2025-10-14, 8:00:00",-0.00186002,0.65127442,,0.001211386,0,,,-1e-06,,,FY26,,Forex,-0.00186002,0.65127442,2025-10-14
Order,Forex,USD,AUD.USD,"2025-10-14, 8:00:00",0.00186002,0.65167544,,-0.001212132,0,,,-1e-06,,,FY26,,Forex,0.00186002,0.65167544,2025-10-14
Order,Forex,USD,AUD.USD,"2025-10-28, 21:17:52",-496.95,0.65575,,325.8749625,-3.0508,,,-2.141457,,,FY26,,Forex,-496.95,0.65575,2025-10-28
Order,Forex,USD,AUD.USD,"2025-10-29, 8:00:00",0.0008,0.65877757,,-0.000527022,0,,,0,,,FY26,,Forex,0.0008,0.65877757,2025-10-29
Order,Forex,USD,AUD.USD,"2025-11-20, 11:15:31",-996.91,0.6484,,646.396444,-3.0732,,,6.814398,,,FY26,,Forex,-996.91,0.6484,2025-11-20
Order,Forex,USD,AUD.USD,"2026-01-29, 22:30:47",-997.18,0.7036,,701.615848,-2.8406,,,-1.93792,,,FY26,,Forex,-997.18,0.7036,2026-01-29
Order,Forex,USD,AUD.USD,"2026-01-30, 6:32:35",511.63,0.70357,,-359.9675191,0,,,1.016074,AFx,,FY26,,Forex,511.63,0.70357,2026-01-30
Order,Forex,USD,AUD.USD,"2026-01-30, 6:32:35",-511.63,0.70298,,359.6656574,0,,,-1.444265,AFx,,FY26,,Forex,-511.63,0.70298,2026-01-30
Order,Forex,USD,AUD.USD,"2026-01-30, 9:00:00",0.00225242,0.70518767,,-0.001588377,0,,,-1e-06,,,FY26,,Forex,0.00225242,0.70518767,2026-01-30
Order,Forex,USD,AUD.USD,"2026-01-30, 9:00:00",0.00154758,0.70519149,,-0.001091342,0,,,0,,,FY26,,Forex,0.00154758,0.70519149,2026-01-30
Order,Forex,USD,AUD.USD,"2026-02-06, 18:36:20",-997.11,0.69575,,693.7392825,-2.887,,,-8.254027,,,FY26,,Forex,-997.11,0.69575,2026-02-06
Order,Forex,USD,AUD.USD,"2026-02-06, 22:14:40",-277.74,0.69749,,193.7208726,0,,,-1.610268,AFx,,FY26,,Forex,-277.74,0.69749,2026-02-06
Order,Forex,USD,AUD.USD,"2026-02-06, 22:14:40",277.73,0.69806,,-193.8722038,0,,,1.384561,AFx,,FY26,,Forex,277.73,0.69806,2026-02-06
Order,Forex,USD,AUD.USD,"2026-02-07, 9:00:00",0.00527553,0.70175046,,-0.003702103,0,,,-1e-06,,,FY26,,Forex,0.00527553,0.70175046,2026-02-07
Order,Forex,USD,AUD.USD,"2026-02-07, 9:00:00",0.00172447,0.70175495,,-0.001210158,0,,,-1e-06,,,FY26,,Forex,0.00172447,0.70175495,2026-02-07
Order,Forex,USD,AUD.USD,"2026-02-09, 21:05:50",1.43,0.70327,,-1.0056761,0,,,0.012298,AFx,,FY26,,Forex,1.43,0.70327,2026-02-09
Order,Forex,USD,AUD.USD,"2026-02-09, 21:05:50",-1.43,0.70269,,1.0048467,0,,,-0.013468,AFx,,FY26,,Forex,-1.43,0.70269,2026-02-09
Order,Forex,USD,AUD.USD,"2026-02-10, 9:00:00",0.0068302,0.70959846,,-0.0048467,0,,,-2e-06,,,FY26,,Forex,0.0068302,0.70959846,2026-02-10
Order,Forex,USD,AUD.USD,"2026-02-14, 9:00:00",4.90722112,0.70771225,,-3.472900497,0,,,-0.001377,,,FY26,,Forex,4.90722112,0.70771225,2026-02-14
Order,Forex,USD,AUD.USD,"2026-02-17, 6:21:06",-1002.08,0.7073,,708.771184,-2.8268,,,0.122454,,,FY26,,Forex,-1002.08,0.7073,2026-02-17
Order,Forex,USD,AUD.USD,"2026-02-18, 5:59:41",-1.42,0.70853,,1.0061126,0,,,-0.000275,AFx,,FY26,,Forex,-1.42,0.70853,2026-02-18
Order,Forex,USD,AUD.USD,"2026-02-18, 5:59:41",1.42,0.70912,,-1.0069504,0,,,-0.000908,AFx,,FY26,,Forex,1.42,0.70912,2026-02-18
Order,Forex,USD,AUD.USD,"2026-02-18, 9:00:00",0.00862321,0.70885468,,-0.0061126,0,,,-2e-06,,,FY26,,Forex,0.00862321,0.70885468,2026-02-18
